Title,First Name,Last Name,Email,Citizen Id
Miss,Elody,Kertzmann,hallie81@gmail.com,5449447825467
Miss,Madyson,Nicolas,emilie_baumbach20@yahoo.com,1815075475303
Ms.,Barry,Marks,augustine_christiansen@hotmail.com,9853959178227
Mr.,Alejandra,Ondricka,willie97@hotmail.com,5221326916458
Dr.,Harry,Kub,frank_wilkinson@gmail.com,7106723290026
Miss,Price,Boyer,kaylin.watsica@gmail.com,6243428761437
Ms.,Graciela,Sipes,abelardo61@hotmail.com,4916994107528
Miss,Duncan,Carter,elouise.rohan95@hotmail.com,0589679367920
Mr.,Liliane,Jakubowski,jarrett_batz29@hotmail.com,3281271621421
Dr.,Kiley,Willms,brice56@yahoo.com,1738137176294
Dr.,Kaitlyn,Lehner,asa0@hotmail.com,8689058166147
Mr.,Tod,Leuschke,raul.walsh85@gmail.com,4276260662786
Mr.,Lamont,Windler,isabell77@yahoo.com,7558967788218
Ms.,Eloise,Rempel,ephraim.konopelski@yahoo.com,8238250770513
Miss,Rosalyn,Rippin,coby_schinner@gmail.com,9918392653233
Mr.,Janelle,Sawayn,thalia.homenick26@yahoo.com,9884550380388
Ms.,Ashleigh,Johns,anahi.king@gmail.com,8285794474321
Ms.,Ramona,Okuneva,ashly54@gmail.com,1263389701946
Miss,Bill,Grady,cicero_wiegand85@hotmail.com,9149792036761
Mrs.,Quinn,Veum,arden64@yahoo.com,2508534886387
Dr.,Selena,Kunde-Dooley,kasey73@yahoo.com,1806949029544
Ms.,Effie,Herman,ethel_reichel3@yahoo.com,4702157413924
Ms.,Irving,Boyer,leann17@yahoo.com,6285666214028
Mr.,Bartholome,Marvin,andre_huels85@hotmail.com,1576341453845
Miss,Dell,Bartoletti,gerda21@gmail.com,7933285632967